,symbol,timestamp,open,high,low,close,volume,transactions,volume_weighted_avg_price,date
0,ZION,2024-02-16 00:27:00+00:00,41.29,41.29,41.29,41.29,100.0,1.0,41.29,2024-02-16
1,ZION,2024-02-16 13:00:00+00:00,41.0,41.0,41.0,41.0,100.0,1.0,41.0,2024-02-16
2,ZION,2024-02-16 13:30:00+00:00,41.35,41.35,41.33,41.33,450.0,4.0,41.344222,2024-02-16
3,ZION,2024-02-16 13:31:00+00:00,41.01,41.01,41.0,41.0,587.0,5.0,41.001704,2024-02-16
4,ZION,2024-02-16 13:33:00+00:00,42.1173,42.1173,42.1173,42.1173,1013.0,2.0,42.102962,2024-02-16
5,ZION,2024-02-16 13:36:00+00:00,40.43,40.43,40.2,40.2,301.0,3.0,40.349502,2024-02-16
6,ZION,2024-02-16 13:37:00+00:00,40.5,40.5,40.5,40.5,600.0,1.0,40.5,2024-02-16
7,ZION,2024-02-16 13:46:00+00:00,40.6,40.6,40.5,40.5,500.0,3.0,40.542,2024-02-16
8,ZION,2024-02-16 13:59:00+00:00,40.66,40.69,40.66,40.69,1244.0,12.0,40.675249,2024-02-16
9,ZION,2024-02-16 14:15:00+00:00,40.69,40.69,40.69,40.69,250.0,1.0,40.69,2024-02-16
10,ZION,2024-02-16 14:23:00+00:00,40.65,40.65,40.65,40.65,1300.0,1.0,40.65,2024-02-16
11,ZION,2024-02-16 14:30:00+00:00,40.76,40.93,40.65,40.79,58522.0,113.0,40.769672,2024-02-16
12,ZION,2024-02-16 14:31:00+00:00,40.72,40.865,40.65,40.865,2849.0,57.0,40.708342,2024-02-16
13,ZION,2024-02-16 14:32:00+00:00,40.87,41.0,40.87,40.98,16926.0,106.0,40.965327,2024-02-16
14,ZION,2024-02-16 14:33:00+00:00,40.94,40.95,40.9,40.9,1722.0,27.0,40.929077,2024-02-16
15,ZION,2024-02-16 14:34:00+00:00,40.87,40.87,40.795,40.82,28405.0,63.0,40.814826,2024-02-16
16,ZION,2024-02-16 14:35:00+00:00,40.79,40.814,40.76,40.81,3495.0,96.0,40.793036,2024-02-16
17,ZION,2024-02-16 14:36:00+00:00,40.84,40.84,40.79,40.8,17863.0,50.0,40.834585,2024-02-16
18,ZION,2024-02-16 14:37:00+00:00,40.77,40.78,40.72,40.75,1946.0,47.0,40.761332,2024-02-16
19,ZION,2024-02-16 14:38:00+00:00,40.75,40.7999,40.745,40.78,1294.0,34.0,40.770835,2024-02-16
20,ZION,2024-02-16 14:39:00+00:00,40.835,40.8658,40.76,40.81,4218.0,70.0,40.812618,2024-02-16
21,ZION,2024-02-16 14:40:00+00:00,40.87,41.03,40.87,41.02,6297.0,100.0,40.960739,2024-02-16
22,ZION,2024-02-16 14:41:00+00:00,41.03,41.095,41.03,41.095,2515.0,54.0,41.041745,2024-02-16
23,ZION,2024-02-16 14:42:00+00:00,41.09,41.09,40.92,40.92,4890.0,76.0,41.031835,2024-02-16
24,ZION,2024-02-16 14:43:00+00:00,40.925,41.01,40.925,40.97,2480.0,53.0,40.959258,2024-02-16
25,ZION,2024-02-16 14:44:00+00:00,41.015,41.015,40.995,41.01,1202.0,28.0,41.00463,2024-02-16
26,ZION,2024-02-16 14:45:00+00:00,41.01,41.02,40.96,40.96,2481.0,53.0,40.995629,2024-02-16
27,ZION,2024-02-16 14:46:00+00:00,40.98,40.98,40.91,40.92,1611.0,31.0,40.932353,2024-02-16
28,ZION,2024-02-16 14:47:00+00:00,40.95,41.03,40.95,41.01,2917.0,63.0,40.993862,2024-02-16
29,ZION,2024-02-16 14:48:00+00:00,40.97,41.08,40.97,41.08,2010.0,47.0,41.043351,2024-02-16
30,ZION,2024-02-16 14:49:00+00:00,41.12,41.18,41.105,41.165,3098.0,62.0,41.151971,2024-02-16
31,ZION,2024-02-16 14:50:00+00:00,41.17,41.215,41.16,41.16,2457.0,59.0,41.179573,2024-02-16
32,ZION,2024-02-16 14:51:00+00:00,41.06,41.115,41.0,41.115,4052.0,81.0,41.068264,2024-02-16
33,ZION,2024-02-16 14:52:00+00:00,41.14,41.155,41.05,41.07,3877.0,79.0,41.092965,2024-02-16
34,ZION,2024-02-16 14:53:00+00:00,41.06,41.06,40.92,40.92,2344.0,54.0,41.013744,2024-02-16
35,ZION,2024-02-16 14:54:00+00:00,40.92,40.98,40.82,40.82,4310.0,93.0,40.904316,2024-02-16
36,ZION,2024-02-16 14:55:00+00:00,40.8,40.91,40.77,40.905,2787.0,49.0,40.839437,2024-02-16
37,ZION,2024-02-16 14:56:00+00:00,40.92,40.96,40.88,40.92,1575.0,41.0,40.91654,2024-02-16
38,ZION,2024-02-16 14:57:00+00:00,40.94,40.96,40.9186,40.96,2626.0,54.0,40.939185,2024-02-16
39,ZION,2024-02-16 14:58:00+00:00,40.9964,41.1,40.9964,41.09,2808.0,54.0,41.047863,2024-02-16
40,ZION,2024-02-16 14:59:00+00:00,41.1,41.11,41.04,41.085,2534.0,63.0,41.069762,2024-02-16
41,ZION,2024-02-16 15:00:00+00:00,41.04,41.095,40.98,41.095,5127.0,91.0,41.025864,2024-02-16
42,ZION,2024-02-16 15:01:00+00:00,41.08,41.11,41.06,41.065,1430.0,39.0,41.089493,2024-02-16
43,ZION,2024-02-16 15:02:00+00:00,41.02,41.085,41.01,41.07,6541.0,111.0,41.051713,2024-02-16
44,ZION,2024-02-16 15:03:00+00:00,41.11,41.165,41.11,41.165,2482.0,53.0,41.129861,2024-02-16
45,ZION,2024-02-16 15:04:00+00:00,41.12,41.12,41.07,41.095,2161.0,52.0,41.091039,2024-02-16
46,ZION,2024-02-16 15:05:00+00:00,41.095,41.105,41.0,41.02,3691.0,68.0,41.066258,2024-02-16
47,ZION,2024-02-16 15:06:00+00:00,41.04,41.04,40.945,40.99,25097.0,92.0,41.001088,2024-02-16
48,ZION,2024-02-16 15:07:00+00:00,40.99,41.03,40.965,40.985,2597.0,63.0,41.006289,2024-02-16
49,ZION,2024-02-16 15:08:00+00:00,40.97,40.97,40.875,40.91,6020.0,110.0,40.915432,2024-02-16
50,ZION,2024-02-16 15:09:00+00:00,40.93,40.955,40.89,40.89,6719.0,106.0,40.921428,2024-02-16
51,ZION,2024-02-16 15:10:00+00:00,40.89,40.99,40.89,40.99,3727.0,68.0,40.92519,2024-02-16
52,ZION,2024-02-16 15:11:00+00:00,41.0,41.05,40.995,41.04,11438.0,152.0,41.019984,2024-02-16
53,ZION,2024-02-16 15:12:00+00:00,41.035,41.08,41.01,41.052,9513.0,172.0,41.049478,2024-02-16
54,ZION,2024-02-16 15:13:00+00:00,41.07,41.11,41.07,41.09,16615.0,123.0,41.097093,2024-02-16
55,ZION,2024-02-16 15:14:00+00:00,41.1,41.11,41.02,41.04,8662.0,141.0,41.072423,2024-02-16
56,ZION,2024-02-16 15:15:00+00:00,41.045,41.15,41.045,41.06,4919.0,122.0,41.091468,2024-02-16
57,ZION,2024-02-16 15:16:00+00:00,41.04,41.0991,41.0,41.01,9181.0,151.0,41.071801,2024-02-16
58,ZION,2024-02-16 15:17:00+00:00,41.0,41.13,41.0,41.13,2190.0,70.0,41.056208,2024-02-16
59,ZION,2024-02-16 15:18:00+00:00,41.15,41.15,41.07,41.0725,3043.0,66.0,41.089234,2024-02-16
60,ZION,2024-02-16 15:19:00+00:00,41.07,41.075,40.98,40.98,3346.0,84.0,41.02955,2024-02-16
61,ZION,2024-02-16 15:20:00+00:00,40.97,40.97,40.87,40.87,3078.0,77.0,40.925483,2024-02-16
62,ZION,2024-02-16 15:21:00+00:00,40.84,40.93,40.84,40.9025,1830.0,50.0,40.883992,2024-02-16
63,ZION,2024-02-16 15:22:00+00:00,40.9025,40.91,40.83,40.85,1376.0,32.0,40.875575,2024-02-16
64,ZION,2024-02-16 15:23:00+00:00,40.86,40.915,40.86,40.91,2342.0,48.0,40.895285,2024-02-16
65,ZION,2024-02-16 15:24:00+00:00,40.91,40.92,40.865,40.87,5278.0,77.0,40.890312,2024-02-16
66,ZION,2024-02-16 15:25:00+00:00,40.86,40.88,40.77,40.816,9995.0,111.0,40.810558,2024-02-16
67,ZION,2024-02-16 15:26:00+00:00,40.82,40.82,40.76,40.76,3605.0,68.0,40.79225,2024-02-16
68,ZION,2024-02-16 15:27:00+00:00,40.76,40.84,40.74,40.84,3726.0,66.0,40.782014,2024-02-16
69,ZION,2024-02-16 15:28:00+00:00,40.87,40.91,40.865,40.88,3058.0,60.0,40.885141,2024-02-16
70,ZION,2024-02-16 15:29:00+00:00,40.87,40.87,40.84,40.87,1799.0,50.0,40.856476,2024-02-16
71,ZION,2024-02-16 15:30:00+00:00,40.855,40.855,40.75,40.75,6839.0,91.0,40.822306,2024-02-16
72,ZION,2024-02-16 15:31:00+00:00,40.79,40.89,40.79,40.89,4348.0,102.0,40.829041,2024-02-16
73,ZION,2024-02-16 15:32:00+00:00,40.88,40.89,40.77,40.77,3688.0,88.0,40.822777,2024-02-16
74,ZION,2024-02-16 15:33:00+00:00,40.78,40.82,40.78,40.82,626.0,24.0,40.799344,2024-02-16
75,ZION,2024-02-16 15:34:00+00:00,40.825,40.89,40.8,40.87,2897.0,76.0,40.849731,2024-02-16
76,ZION,2024-02-16 15:35:00+00:00,40.83,40.83,40.72,40.72,8275.0,131.0,40.76176,2024-02-16
77,ZION,2024-02-16 15:36:00+00:00,40.72,40.82,40.72,40.82,1820.0,44.0,40.771435,2024-02-16
78,ZION,2024-02-16 15:37:00+00:00,40.86,40.925,40.86,40.925,5299.0,42.0,40.909733,2024-02-16
79,ZION,2024-02-16 15:38:00+00:00,40.92,40.92,40.8,40.8,4545.0,91.0,40.856409,2024-02-16
80,ZION,2024-02-16 15:39:00+00:00,40.77,40.86,40.77,40.85,2058.0,44.0,40.814357,2024-02-16
81,ZION,2024-02-16 15:40:00+00:00,40.9,40.93,40.87,40.93,1933.0,46.0,40.891838,2024-02-16
82,ZION,2024-02-16 15:41:00+00:00,40.91,40.91,40.85,40.88,2780.0,64.0,40.882495,2024-02-16
83,ZION,2024-02-16 15:42:00+00:00,40.87,40.91,40.87,40.91,1744.0,50.0,40.89203,2024-02-16
84,ZION,2024-02-16 15:43:00+00:00,40.92,40.98,40.92,40.965,6220.0,86.0,40.957841,2024-02-16
85,ZION,2024-02-16 15:44:00+00:00,40.97,40.97,40.91,40.925,1854.0,43.0,40.925483,2024-02-16
86,ZION,2024-02-16 15:45:00+00:00,40.91,40.91,40.845,40.9,3154.0,62.0,40.8738,2024-02-16
87,ZION,2024-02-16 15:46:00+00:00,40.93,40.99,40.93,40.99,4051.0,62.0,40.951163,2024-02-16
88,ZION,2024-02-16 15:47:00+00:00,40.96,40.97,40.9101,40.97,3056.0,65.0,40.947358,2024-02-16
89,ZION,2024-02-16 15:48:00+00:00,41.0,41.01,40.93,40.93,1518.0,43.0,40.965403,2024-02-16
90,ZION,2024-02-16 15:49:00+00:00,40.92,40.92,40.85,40.85,2062.0,55.0,40.888287,2024-02-16
91,ZION,2024-02-16 15:50:00+00:00,40.89,40.9,40.85,40.85,1239.0,33.0,40.871826,2024-02-16
92,ZION,2024-02-16 15:51:00+00:00,40.91,40.93,40.88,40.88,4486.0,79.0,40.906261,2024-02-16
93,ZION,2024-02-16 15:52:00+00:00,40.87,40.885,40.855,40.885,1160.0,28.0,40.877672,2024-02-16
94,ZION,2024-02-16 15:53:00+00:00,40.93,40.94,40.9,40.9,2243.0,38.0,40.920132,2024-02-16
95,ZION,2024-02-16 15:54:00+00:00,40.91,40.98,40.91,40.97,2168.0,46.0,40.952893,2024-02-16
96,ZION,2024-02-16 15:55:00+00:00,40.96,40.96,40.91,40.91,3207.0,66.0,40.928764,2024-02-16
97,ZION,2024-02-16 15:56:00+00:00,40.91,40.94,40.91,40.94,578.0,17.0,40.926114,2024-02-16
98,ZION,2024-02-16 15:57:00+00:00,40.92,40.92,40.85,40.85,3535.0,86.0,40.888556,2024-02-16
99,ZION,2024-02-16 15:58:00+00:00,40.85,40.865,40.85,40.865,1400.0,34.0,40.859099,2024-02-16
100,ZION,2024-02-16 15:59:00+00:00,40.85,40.875,40.84,40.84,3561.0,46.0,40.857461,2024-02-16
101,ZION,2024-02-16 16:00:00+00:00,40.84,40.87,40.8,40.805,5094.0,90.0,40.823845,2024-02-16
102,ZION,2024-02-16 16:01:00+00:00,40.81,40.825,40.79,40.8,7262.0,88.0,40.805278,2024-02-16
103,ZION,2024-02-16 16:02:00+00:00,40.8,40.8,40.72,40.72,2417.0,52.0,40.763329,2024-02-16
104,ZION,2024-02-16 16:03:00+00:00,40.72,40.72,40.72,40.72,882.0,29.0,40.721666,2024-02-16
105,ZION,2024-02-16 16:04:00+00:00,40.75,40.82,40.75,40.8,11494.0,80.0,40.784149,2024-02-16
106,ZION,2024-02-16 16:05:00+00:00,40.8,40.83,40.79,40.8,13904.0,117.0,40.80549,2024-02-16
107,ZION,2024-02-16 16:06:00+00:00,40.805,40.825,40.79,40.8,4966.0,41.0,40.816954,2024-02-16
108,ZION,2024-02-16 16:07:00+00:00,40.8,40.8075,40.8,40.8,45141.0,27.0,40.800037,2024-02-16
109,ZION,2024-02-16 16:08:00+00:00,40.81,40.815,40.79,40.81,4280.0,69.0,40.802723,2024-02-16
110,ZION,2024-02-16 16:09:00+00:00,40.8,40.85,40.8,40.84,2180.0,39.0,40.832305,2024-02-16
111,ZION,2024-02-16 16:10:00+00:00,40.84,40.89,40.825,40.89,3015.0,55.0,40.846001,2024-02-16
112,ZION,2024-02-16 16:11:00+00:00,40.88,40.9,40.87,40.9,2918.0,42.0,40.885918,2024-02-16
113,ZION,2024-02-16 16:12:00+00:00,40.9,40.91,40.8899,40.91,4973.0,65.0,40.895117,2024-02-16
114,ZION,2024-02-16 16:13:00+00:00,40.89,40.905,40.87,40.9,2808.0,71.0,40.884443,2024-02-16
115,ZION,2024-02-16 16:14:00+00:00,40.87,40.87,40.845,40.86,1994.0,40.0,40.860441,2024-02-16
116,ZION,2024-02-16 16:15:00+00:00,40.87,40.91,40.87,40.91,2508.0,52.0,40.893315,2024-02-16
117,ZION,2024-02-16 16:16:00+00:00,40.9,40.905,40.9,40.905,1358.0,37.0,40.908046,2024-02-16
118,ZION,2024-02-16 16:17:00+00:00,40.9668,41.01,40.9668,41.0,2789.0,53.0,40.991723,2024-02-16
119,ZION,2024-02-16 16:18:00+00:00,41.0,41.005,40.9701,40.98,7384.0,99.0,40.986019,2024-02-16
120,ZION,2024-02-16 16:19:00+00:00,40.982,41.0,40.97,41.0,2763.0,62.0,40.982495,2024-02-16
121,ZION,2024-02-16 16:20:00+00:00,41.0,41.02,41.0,41.01,3955.0,51.0,41.009505,2024-02-16
122,ZION,2024-02-16 16:21:00+00:00,41.01,41.01,41.0,41.005,3311.0,58.0,41.002639,2024-02-16
123,ZION,2024-02-16 16:22:00+00:00,41.03,41.04,41.0,41.01,7684.0,124.0,41.020113,2024-02-16
124,ZION,2024-02-16 16:23:00+00:00,41.0,41.04,40.95,40.992,8922.0,128.0,40.981276,2024-02-16
125,ZION,2024-02-16 16:24:00+00:00,41.01,41.01,40.975,41.0,3549.0,43.0,40.984037,2024-02-16
126,ZION,2024-02-16 16:25:00+00:00,41.0,41.03,40.9824,41.03,4053.0,42.0,41.003737,2024-02-16
127,ZION,2024-02-16 16:26:00+00:00,41.0201,41.03,40.98,41.0,4843.0,57.0,41.003961,2024-02-16
128,ZION,2024-02-16 16:27:00+00:00,41.0,41.0,40.96,40.98,2386.0,48.0,40.988144,2024-02-16
129,ZION,2024-02-16 16:28:00+00:00,40.99,40.99,40.96,40.98,1228.0,43.0,40.983264,2024-02-16
130,ZION,2024-02-16 16:29:00+00:00,40.96,41.01,40.95,41.005,7771.0,81.0,40.978362,2024-02-16
131,ZION,2024-02-16 16:30:00+00:00,41.015,41.07,41.015,41.05,4903.0,51.0,41.041372,2024-02-16
132,ZION,2024-02-16 16:31:00+00:00,41.05,41.0599,41.03,41.03,1838.0,47.0,41.03993,2024-02-16
133,ZION,2024-02-16 16:32:00+00:00,41.02,41.02,41.01,41.01,1013.0,34.0,41.0154,2024-02-16
134,ZION,2024-02-16 16:33:00+00:00,41.05,41.05,41.02,41.035,28569.0,91.0,41.047455,2024-02-16
135,ZION,2024-02-16 16:34:00+00:00,41.0,41.06,41.0,41.06,1510.0,72.0,41.032507,2024-02-16
136,ZION,2024-02-16 16:35:00+00:00,41.05,41.05,41.015,41.02,862.0,19.0,41.033301,2024-02-16
137,ZION,2024-02-16 16:36:00+00:00,41.03,41.05,41.02,41.05,860.0,26.0,41.030347,2024-02-16
138,ZION,2024-02-16 16:37:00+00:00,41.035,41.04,41.01,41.035,4238.0,99.0,41.0283,2024-02-16
139,ZION,2024-02-16 16:38:00+00:00,41.04,41.045,41.02,41.04,1454.0,42.0,41.037524,2024-02-16
140,ZION,2024-02-16 16:39:00+00:00,41.035,41.05,41.035,41.045,718.0,26.0,41.04233,2024-02-16
141,ZION,2024-02-16 16:40:00+00:00,41.05,41.055,41.02,41.02,1919.0,46.0,41.042656,2024-02-16
142,ZION,2024-02-16 16:41:00+00:00,41.03,41.03,41.01,41.015,759.0,22.0,41.018891,2024-02-16
143,ZION,2024-02-16 16:42:00+00:00,41.015,41.06,41.015,41.06,3987.0,99.0,41.033058,2024-02-16
144,ZION,2024-02-16 16:43:00+00:00,41.065,41.08,41.065,41.08,1627.0,40.0,41.065514,2024-02-16
145,ZION,2024-02-16 16:44:00+00:00,41.07,41.07,41.03,41.03,2332.0,52.0,41.050266,2024-02-16
146,ZION,2024-02-16 16:45:00+00:00,41.03,41.035,41.01,41.01,861.0,30.0,41.024734,2024-02-16
147,ZION,2024-02-16 16:46:00+00:00,41.0,41.0199,41.0,41.0199,551.0,13.0,41.010117,2024-02-16
148,ZION,2024-02-16 16:47:00+00:00,41.005,41.03,40.99,41.02,1856.0,41.0,41.010993,2024-02-16
149,ZION,2024-02-16 16:48:00+00:00,41.01,41.01,41.0,41.0,673.0,16.0,41.007619,2024-02-16
150,ZION,2024-02-16 16:49:00+00:00,41.005,41.01,41.0,41.0,2675.0,39.0,41.001105,2024-02-16
151,ZION,2024-02-16 16:50:00+00:00,40.995,40.995,40.89,40.905,2201.0,56.0,40.944059,2024-02-16
152,ZION,2024-02-16 16:51:00+00:00,40.9,40.97,40.9,40.93,4005.0,78.0,40.934423,2024-02-16
153,ZION,2024-02-16 16:52:00+00:00,40.95,40.965,40.95,40.96,1466.0,23.0,40.954409,2024-02-16
154,ZION,2024-02-16 16:53:00+00:00,40.97,40.99,40.96,40.97,1760.0,42.0,40.97643,2024-02-16
155,ZION,2024-02-16 16:54:00+00:00,40.97,40.98,40.96,40.97,4709.0,46.0,40.964034,2024-02-16
156,ZION,2024-02-16 16:56:00+00:00,40.97,40.97,40.96,40.96,1052.0,33.0,40.964691,2024-02-16
157,ZION,2024-02-16 16:57:00+00:00,40.95,40.96,40.95,40.96,767.0,34.0,40.956064,2024-02-16
158,ZION,2024-02-16 16:58:00+00:00,40.985,41.02,40.97,40.97,2305.0,62.0,40.99761,2024-02-16
159,ZION,2024-02-16 16:59:00+00:00,40.96,41.0,40.96,41.0,647.0,22.0,40.986763,2024-02-16
160,ZION,2024-02-16 17:00:00+00:00,40.975,40.975,40.93,40.93,1870.0,48.0,40.944111,2024-02-16
161,ZION,2024-02-16 17:01:00+00:00,40.99,40.99,40.99,40.99,1581.0,53.0,40.982528,2024-02-16
162,ZION,2024-02-16 17:02:00+00:00,40.96,40.96,40.925,40.925,343.0,12.0,40.942915,2024-02-16
163,ZION,2024-02-16 17:03:00+00:00,40.925,40.925,40.925,40.925,370.0,15.0,40.924603,2024-02-16
164,ZION,2024-02-16 17:04:00+00:00,40.91,40.91,40.9,40.91,1338.0,39.0,40.906773,2024-02-16
165,ZION,2024-02-16 17:05:00+00:00,40.91,40.91,40.88,40.9,1868.0,44.0,40.890584,2024-02-16
166,ZION,2024-02-16 17:06:00+00:00,40.8801,40.8801,40.84,40.87,4166.0,57.0,40.867072,2024-02-16
167,ZION,2024-02-16 17:07:00+00:00,40.85,40.85,40.83,40.84,803.0,18.0,40.844368,2024-02-16
168,ZION,2024-02-16 17:08:00+00:00,40.845,40.89,40.845,40.89,1367.0,33.0,40.867136,2024-02-16
169,ZION,2024-02-16 17:09:00+00:00,40.885,40.89,40.88,40.885,858.0,30.0,40.884578,2024-02-16
170,ZION,2024-02-16 17:10:00+00:00,40.88,40.9,40.88,40.88,1119.0,34.0,40.884368,2024-02-16
171,ZION,2024-02-16 17:11:00+00:00,40.87,40.935,40.87,40.93,2132.0,67.0,40.91619,2024-02-16
172,ZION,2024-02-16 17:12:00+00:00,40.94,40.96,40.94,40.96,1048.0,32.0,40.95045,2024-02-16
173,ZION,2024-02-16 17:13:00+00:00,40.965,40.965,40.95,40.96,565.0,15.0,40.960814,2024-02-16
174,ZION,2024-02-16 17:14:00+00:00,40.965,40.965,40.965,40.965,211.0,17.0,40.968108,2024-02-16
175,ZION,2024-02-16 17:15:00+00:00,40.96,40.96,40.92,40.92,1895.0,42.0,40.945039,2024-02-16
176,ZION,2024-02-16 17:16:00+00:00,40.92,40.95,40.92,40.95,1251.0,28.0,40.932909,2024-02-16
177,ZION,2024-02-16 17:17:00+00:00,40.95,40.97,40.94,40.94,1492.0,47.0,40.946592,2024-02-16
178,ZION,2024-02-16 17:18:00+00:00,40.92,40.92,40.92,40.92,1054.0,26.0,40.920731,2024-02-16
179,ZION,2024-02-16 17:19:00+00:00,40.91,40.97,40.91,40.97,29717.0,50.0,40.915774,2024-02-16
180,ZION,2024-02-16 17:20:00+00:00,40.9594,40.98,40.9594,40.965,2248.0,45.0,40.970044,2024-02-16
181,ZION,2024-02-16 17:21:00+00:00,40.98,41.0,40.98,41.0,218.0,9.0,40.98812,2024-02-16
182,ZION,2024-02-16 17:22:00+00:00,40.97,40.98,40.93,40.93,1226.0,48.0,40.956847,2024-02-16
183,ZION,2024-02-16 17:23:00+00:00,40.965,40.99,40.965,40.99,798.0,23.0,40.973358,2024-02-16
184,ZION,2024-02-16 17:24:00+00:00,41.0,41.045,41.0,41.045,29573.0,54.0,41.002803,2024-02-16
185,ZION,2024-02-16 17:25:00+00:00,41.05,41.065,41.025,41.04,2249.0,46.0,41.040881,2024-02-16
186,ZION,2024-02-16 17:26:00+00:00,41.04,41.045,41.04,41.045,695.0,18.0,41.043746,2024-02-16
187,ZION,2024-02-16 17:27:00+00:00,41.03,41.03,40.955,40.955,2807.0,61.0,41.0013,2024-02-16
188,ZION,2024-02-16 17:28:00+00:00,40.97,40.99,40.97,40.99,3120.0,50.0,40.980318,2024-02-16
189,ZION,2024-02-16 17:29:00+00:00,41.0,41.0,40.98,40.98,377.0,13.0,40.99076,2024-02-16
190,ZION,2024-02-16 17:30:00+00:00,40.99,40.99,40.975,40.985,1473.0,29.0,40.984916,2024-02-16
191,ZION,2024-02-16 17:31:00+00:00,41.0,41.0,40.99,40.99,1053.0,29.0,40.993884,2024-02-16
192,ZION,2024-02-16 17:32:00+00:00,41.0,41.0,40.955,40.955,1362.0,31.0,40.982064,2024-02-16
193,ZION,2024-02-16 17:33:00+00:00,40.97,40.985,40.97,40.985,562.0,23.0,40.977427,2024-02-16
194,ZION,2024-02-16 17:34:00+00:00,41.0,41.0025,41.0,41.0025,477.0,20.0,40.995922,2024-02-16
195,ZION,2024-02-16 17:35:00+00:00,41.02,41.02,41.01,41.015,588.0,20.0,41.017381,2024-02-16
196,ZION,2024-02-16 17:36:00+00:00,41.02,41.02,41.02,41.02,275.0,15.0,41.024597,2024-02-16
197,ZION,2024-02-16 17:37:00+00:00,41.0,41.0,40.9401,40.9401,3549.0,80.0,40.972686,2024-02-16
198,ZION,2024-02-16 17:38:00+00:00,40.99,40.99,40.97,40.975,1868.0,31.0,40.978734,2024-02-16
199,ZION,2024-02-16 17:39:00+00:00,40.97,40.98,40.96,40.975,1772.0,25.0,40.971606,2024-02-16
200,ZION,2024-02-16 17:40:00+00:00,40.975,40.975,40.975,40.975,291.0,20.0,40.968392,2024-02-16
201,ZION,2024-02-16 17:41:00+00:00,40.95,40.95,40.95,40.95,981.0,34.0,40.949617,2024-02-16
202,ZION,2024-02-16 17:42:00+00:00,40.97,40.97,40.965,40.965,981.0,20.0,40.965936,2024-02-16
203,ZION,2024-02-16 17:43:00+00:00,40.975,40.975,40.975,40.975,299.0,16.0,40.971114,2024-02-16
204,ZION,2024-02-16 17:45:00+00:00,40.97,40.99,40.97,40.99,3521.0,37.0,40.977374,2024-02-16
205,ZION,2024-02-16 17:46:00+00:00,41.0,41.005,40.99,40.99,3060.0,72.0,40.996246,2024-02-16
206,ZION,2024-02-16 17:47:00+00:00,40.97,40.97,40.96,40.96,881.0,30.0,40.97418,2024-02-16
207,ZION,2024-02-16 17:48:00+00:00,40.96,40.96,40.96,40.96,553.0,20.0,40.964729,2024-02-16
208,ZION,2024-02-16 17:49:00+00:00,40.94,40.94,40.93,40.93,719.0,28.0,40.939767,2024-02-16
209,ZION,2024-02-16 17:50:00+00:00,40.91,40.92,40.905,40.92,988.0,35.0,40.912445,2024-02-16
210,ZION,2024-02-16 17:51:00+00:00,40.9299,40.93,40.915,40.915,608.0,21.0,40.921255,2024-02-16
211,ZION,2024-02-16 17:52:00+00:00,40.95,40.95,40.93,40.93,531.0,11.0,40.936481,2024-02-16
212,ZION,2024-02-16 17:53:00+00:00,40.91,40.92,40.91,40.91,2187.0,39.0,40.917478,2024-02-16
213,ZION,2024-02-16 17:54:00+00:00,40.91,40.955,40.91,40.935,4523.0,63.0,40.933206,2024-02-16
214,ZION,2024-02-16 17:55:00+00:00,40.92,40.93,40.92,40.93,348.0,11.0,40.927781,2024-02-16
215,ZION,2024-02-16 17:56:00+00:00,40.94,40.945,40.89,40.89,4603.0,66.0,40.919211,2024-02-16
216,ZION,2024-02-16 17:57:00+00:00,40.885,40.905,40.88,40.88,1393.0,32.0,40.89325,2024-02-16
217,ZION,2024-02-16 17:58:00+00:00,40.87,40.875,40.87,40.875,594.0,21.0,40.874125,2024-02-16
218,ZION,2024-02-16 17:59:00+00:00,40.87,40.89,40.86,40.89,1451.0,34.0,40.878137,2024-02-16
219,ZION,2024-02-16 18:01:00+00:00,40.87,40.87,40.86,40.865,3197.0,63.0,40.866028,2024-02-16
220,ZION,2024-02-16 18:02:00+00:00,40.86,40.86,40.86,40.86,411.0,18.0,40.866207,2024-02-16
221,ZION,2024-02-16 18:03:00+00:00,40.85,40.85,40.785,40.785,2696.0,56.0,40.836426,2024-02-16
222,ZION,2024-02-16 18:04:00+00:00,40.79,40.79,40.76,40.76,1989.0,52.0,40.789471,2024-02-16
223,ZION,2024-02-16 18:05:00+00:00,40.73,40.73,40.7,40.71,2481.0,43.0,40.712124,2024-02-16
224,ZION,2024-02-16 18:06:00+00:00,40.72,40.75,40.72,40.75,1162.0,30.0,40.730417,2024-02-16
225,ZION,2024-02-16 18:07:00+00:00,40.765,40.765,40.74,40.74,979.0,26.0,40.750492,2024-02-16
226,ZION,2024-02-16 18:08:00+00:00,40.735,40.75,40.735,40.75,2579.0,50.0,40.743399,2024-02-16
227,ZION,2024-02-16 18:09:00+00:00,40.74,40.75,40.74,40.74,1428.0,40.0,40.745068,2024-02-16
228,ZION,2024-02-16 18:10:00+00:00,40.735,40.735,40.69,40.69,2434.0,53.0,40.709247,2024-02-16
229,ZION,2024-02-16 18:11:00+00:00,40.695,40.695,40.67,40.68,3904.0,64.0,40.680063,2024-02-16
230,ZION,2024-02-16 18:12:00+00:00,40.67,40.7,40.67,40.7,1978.0,43.0,40.68496,2024-02-16
231,ZION,2024-02-16 18:13:00+00:00,40.7,40.73,40.7,40.73,1197.0,34.0,40.717264,2024-02-16
232,ZION,2024-02-16 18:14:00+00:00,40.74,40.75,40.735,40.735,1301.0,29.0,40.742169,2024-02-16
233,ZION,2024-02-16 18:15:00+00:00,40.745,40.75,40.72,40.72,2830.0,63.0,40.729779,2024-02-16
234,ZION,2024-02-16 18:16:00+00:00,40.72,40.73,40.72,40.73,2071.0,51.0,40.724252,2024-02-16
235,ZION,2024-02-16 18:17:00+00:00,40.73,40.74,40.73,40.74,2780.0,45.0,40.733252,2024-02-16
236,ZION,2024-02-16 18:18:00+00:00,40.73,40.75,40.73,40.75,4805.0,73.0,40.740321,2024-02-16
237,ZION,2024-02-16 18:19:00+00:00,40.76,40.77,40.76,40.77,2408.0,48.0,40.764892,2024-02-16
238,ZION,2024-02-16 18:20:00+00:00,40.76,40.79,40.745,40.78,23708.0,97.0,40.750768,2024-02-16
239,ZION,2024-02-16 18:21:00+00:00,40.78,40.8,40.78,40.8,2604.0,41.0,40.787761,2024-02-16
240,ZION,2024-02-16 18:22:00+00:00,40.81,40.86,40.81,40.85,2554.0,41.0,40.821612,2024-02-16
241,ZION,2024-02-16 18:23:00+00:00,40.86,40.86,40.85,40.85,974.0,15.0,40.858512,2024-02-16
242,ZION,2024-02-16 18:24:00+00:00,40.85,40.89,40.85,40.86,6990.0,115.0,40.866596,2024-02-16
243,ZION,2024-02-16 18:25:00+00:00,40.865,40.865,40.805,40.85,16713.0,191.0,40.825137,2024-02-16
244,ZION,2024-02-16 18:26:00+00:00,40.83,40.83,40.81,40.81,1250.0,31.0,40.81569,2024-02-16
245,ZION,2024-02-16 18:27:00+00:00,40.78,40.78,40.74,40.74,3881.0,57.0,40.765451,2024-02-16
246,ZION,2024-02-16 18:28:00+00:00,40.74,40.78,40.74,40.77,8250.0,68.0,40.745588,2024-02-16
247,ZION,2024-02-16 18:29:00+00:00,40.75,40.785,40.75,40.785,1115.0,25.0,40.777726,2024-02-16
248,ZION,2024-02-16 18:30:00+00:00,40.79,40.7925,40.785,40.785,1359.0,34.0,40.787153,2024-02-16
249,ZION,2024-02-16 18:31:00+00:00,40.785,40.785,40.78,40.78,1391.0,34.0,40.781974,2024-02-16
250,ZION,2024-02-16 18:32:00+00:00,40.78,40.79,40.755,40.77,5028.0,113.0,40.763815,2024-02-16
251,ZION,2024-02-16 18:33:00+00:00,40.79,40.79,40.79,40.79,553.0,21.0,40.769716,2024-02-16
252,ZION,2024-02-16 18:34:00+00:00,40.78,40.79,40.7701,40.79,3091.0,55.0,40.784407,2024-02-16
253,ZION,2024-02-16 18:35:00+00:00,40.79,40.79,40.775,40.79,2084.0,64.0,40.782668,2024-02-16
254,ZION,2024-02-16 18:36:00+00:00,40.8,40.81,40.8,40.81,1021.0,48.0,40.806871,2024-02-16
255,ZION,2024-02-16 18:37:00+00:00,40.83,40.83,40.83,40.83,683.0,24.0,40.821046,2024-02-16
256,ZION,2024-02-16 18:38:00+00:00,40.83,40.83,40.81,40.81,1942.0,63.0,40.81601,2024-02-16
257,ZION,2024-02-16 18:39:00+00:00,40.795,40.82,40.79,40.82,9818.0,99.0,40.806139,2024-02-16
258,ZION,2024-02-16 18:40:00+00:00,40.81,40.82,40.8,40.805,1958.0,32.0,40.8101,2024-02-16
259,ZION,2024-02-16 18:41:00+00:00,40.81,40.82,40.81,40.81,1384.0,42.0,40.810619,2024-02-16
260,ZION,2024-02-16 18:42:00+00:00,40.81,40.81,40.81,40.81,1048.0,29.0,40.81149,2024-02-16
261,ZION,2024-02-16 18:43:00+00:00,40.8,40.82,40.8,40.82,2628.0,51.0,40.810822,2024-02-16
262,ZION,2024-02-16 18:44:00+00:00,40.82,40.825,40.815,40.815,1553.0,37.0,40.817673,2024-02-16
263,ZION,2024-02-16 18:45:00+00:00,40.83,40.83,40.8,40.805,1989.0,50.0,40.810852,2024-02-16
264,ZION,2024-02-16 18:46:00+00:00,40.8,40.8,40.785,40.79,2273.0,61.0,40.790209,2024-02-16
265,ZION,2024-02-16 18:47:00+00:00,40.785,40.79,40.785,40.79,1408.0,54.0,40.791372,2024-02-16
266,ZION,2024-02-16 18:48:00+00:00,40.78,40.78,40.74,40.74,2179.0,58.0,40.771009,2024-02-16
267,ZION,2024-02-16 18:49:00+00:00,40.74,40.74,40.74,40.74,203.0,14.0,40.74442,2024-02-16
268,ZION,2024-02-16 18:50:00+00:00,40.75,40.755,40.745,40.75,2485.0,88.0,40.749255,2024-02-16
269,ZION,2024-02-16 18:51:00+00:00,40.75,40.75,40.73,40.73,2046.0,46.0,40.741658,2024-02-16
270,ZION,2024-02-16 18:52:00+00:00,40.73,40.73,40.73,40.73,927.0,31.0,40.731521,2024-02-16
271,ZION,2024-02-16 18:53:00+00:00,40.725,40.73,40.72,40.72,4190.0,112.0,40.724394,2024-02-16
272,ZION,2024-02-16 18:54:00+00:00,40.71,40.71,40.67,40.68,3193.0,77.0,40.691734,2024-02-16
273,ZION,2024-02-16 18:55:00+00:00,40.69,40.71,40.69,40.71,2745.0,78.0,40.697413,2024-02-16
274,ZION,2024-02-16 18:56:00+00:00,40.7,40.71,40.7,40.71,2374.0,55.0,40.709041,2024-02-16
275,ZION,2024-02-16 18:57:00+00:00,40.71,40.75,40.7,40.75,5906.0,101.0,40.727264,2024-02-16
276,ZION,2024-02-16 18:58:00+00:00,40.74,40.74,40.74,40.74,1001.0,35.0,40.738129,2024-02-16
277,ZION,2024-02-16 18:59:00+00:00,40.75,40.76,40.75,40.755,1918.0,53.0,40.756434,2024-02-16
278,ZION,2024-02-16 19:00:00+00:00,40.77,40.775,40.77,40.775,955.0,32.0,40.768021,2024-02-16
279,ZION,2024-02-16 19:01:00+00:00,40.78,40.78,40.74,40.75,5624.0,141.0,40.751823,2024-02-16
280,ZION,2024-02-16 19:02:00+00:00,40.75,40.8,40.75,40.78,2607.0,72.0,40.778264,2024-02-16
281,ZION,2024-02-16 19:03:00+00:00,40.78,40.78,40.75,40.75,3561.0,68.0,40.773166,2024-02-16
282,ZION,2024-02-16 19:04:00+00:00,40.76,40.81,40.74,40.81,7228.0,118.0,40.758341,2024-02-16
283,ZION,2024-02-16 19:05:00+00:00,40.805,40.835,40.805,40.825,7121.0,65.0,40.809627,2024-02-16
284,ZION,2024-02-16 19:06:00+00:00,40.82,40.82,40.77,40.79,4447.0,82.0,40.79992,2024-02-16
285,ZION,2024-02-16 19:07:00+00:00,40.8,40.86,40.8,40.86,10544.0,154.0,40.820564,2024-02-16
286,ZION,2024-02-16 19:08:00+00:00,40.86,40.8719,40.86,40.87,1985.0,47.0,40.865472,2024-02-16
287,ZION,2024-02-16 19:09:00+00:00,40.885,40.9,40.885,40.9,4286.0,66.0,40.899193,2024-02-16
288,ZION,2024-02-16 19:10:00+00:00,40.915,40.93,40.915,40.92,3131.0,62.0,40.921184,2024-02-16
289,ZION,2024-02-16 19:11:00+00:00,40.91,40.91,40.89,40.89,2761.0,48.0,40.901453,2024-02-16
290,ZION,2024-02-16 19:12:00+00:00,40.9,40.92,40.9,40.92,1833.0,44.0,40.907007,2024-02-16
291,ZION,2024-02-16 19:13:00+00:00,40.92,40.92,40.884,40.885,7519.0,86.0,40.901289,2024-02-16
292,ZION,2024-02-16 19:14:00+00:00,40.885,40.885,40.87,40.88,2151.0,26.0,40.881292,2024-02-16
293,ZION,2024-02-16 19:15:00+00:00,40.88,40.92,40.88,40.92,3338.0,64.0,40.90525,2024-02-16
294,ZION,2024-02-16 19:16:00+00:00,40.92,40.92,40.905,40.905,1775.0,37.0,40.911489,2024-02-16
295,ZION,2024-02-16 19:17:00+00:00,40.9,40.9,40.895,40.895,1805.0,53.0,40.899144,2024-02-16
296,ZION,2024-02-16 19:18:00+00:00,40.895,40.895,40.86,40.86,2225.0,47.0,40.883201,2024-02-16
297,ZION,2024-02-16 19:19:00+00:00,40.865,40.87,40.86,40.86,3973.0,80.0,40.865062,2024-02-16
298,ZION,2024-02-16 19:20:00+00:00,40.87,40.88,40.86,40.88,2339.0,64.0,40.873914,2024-02-16
299,ZION,2024-02-16 19:21:00+00:00,40.89,40.9,40.88,40.89,2091.0,37.0,40.889843,2024-02-16
300,ZION,2024-02-16 19:22:00+00:00,40.9,40.91,40.895,40.91,1300.0,21.0,40.898019,2024-02-16
301,ZION,2024-02-16 19:23:00+00:00,40.905,40.91,40.905,40.905,925.0,23.0,40.904459,2024-02-16
302,ZION,2024-02-16 19:24:00+00:00,40.905,40.94,40.905,40.94,1427.0,55.0,40.924019,2024-02-16
303,ZION,2024-02-16 19:25:00+00:00,40.94,40.94,40.925,40.93,3495.0,50.0,40.932059,2024-02-16
304,ZION,2024-02-16 19:26:00+00:00,40.94,40.9525,40.94,40.95,3528.0,61.0,40.947998,2024-02-16
305,ZION,2024-02-16 19:27:00+00:00,40.945,40.95,40.945,40.95,550.0,15.0,40.948434,2024-02-16
306,ZION,2024-02-16 19:28:00+00:00,40.95,40.99,40.95,40.99,2314.0,59.0,40.965622,2024-02-16
307,ZION,2024-02-16 19:29:00+00:00,40.99,40.99,40.985,40.99,2194.0,45.0,40.988532,2024-02-16
308,ZION,2024-02-16 19:30:00+00:00,40.98,40.98,40.95,40.95,3983.0,84.0,40.968287,2024-02-16
309,ZION,2024-02-16 19:31:00+00:00,40.94,40.94,40.9,40.905,4072.0,77.0,40.916783,2024-02-16
310,ZION,2024-02-16 19:32:00+00:00,40.91,40.91,40.91,40.91,1117.0,27.0,40.910989,2024-02-16
311,ZION,2024-02-16 19:33:00+00:00,40.9,40.9,40.88,40.88,3120.0,65.0,40.887683,2024-02-16
312,ZION,2024-02-16 19:34:00+00:00,40.86,40.86,40.858,40.86,2065.0,25.0,40.861695,2024-02-16
313,ZION,2024-02-16 19:35:00+00:00,40.86,40.87,40.86,40.86,2239.0,43.0,40.867849,2024-02-16
314,ZION,2024-02-16 19:36:00+00:00,40.85,40.85,40.84,40.84,1602.0,32.0,40.847244,2024-02-16
315,ZION,2024-02-16 19:37:00+00:00,40.86,40.865,40.84,40.845,2382.0,72.0,40.856358,2024-02-16
316,ZION,2024-02-16 19:38:00+00:00,40.84,40.84,40.8,40.82,3845.0,79.0,40.820815,2024-02-16
317,ZION,2024-02-16 19:39:00+00:00,40.84,40.845,40.84,40.845,473.0,18.0,40.84366,2024-02-16
318,ZION,2024-02-16 19:40:00+00:00,40.85,40.86,40.845,40.86,3657.0,86.0,40.850292,2024-02-16
319,ZION,2024-02-16 19:41:00+00:00,40.85,40.86,40.8,40.81,7425.0,99.0,40.829409,2024-02-16
320,ZION,2024-02-16 19:42:00+00:00,40.8,40.84,40.8,40.84,803.0,32.0,40.812234,2024-02-16
321,ZION,2024-02-16 19:43:00+00:00,40.83,40.84,40.83,40.84,718.0,17.0,40.835856,2024-02-16
322,ZION,2024-02-16 19:44:00+00:00,40.84,40.86,40.84,40.86,703.0,14.0,40.846485,2024-02-16
323,ZION,2024-02-16 19:45:00+00:00,40.85,40.85,40.79,40.79,4212.0,83.0,40.825455,2024-02-16
324,ZION,2024-02-16 19:46:00+00:00,40.79,40.79,40.77,40.77,1039.0,27.0,40.782372,2024-02-16
325,ZION,2024-02-16 19:47:00+00:00,40.76,40.76,40.65,40.655,4781.0,72.0,40.681893,2024-02-16
326,ZION,2024-02-16 19:48:00+00:00,40.655,40.775,40.64,40.775,6538.0,129.0,40.704949,2024-02-16
327,ZION,2024-02-16 19:49:00+00:00,40.76,40.77,40.72,40.72,6655.0,108.0,40.747508,2024-02-16
328,ZION,2024-02-16 19:50:00+00:00,40.705,40.705,40.705,40.705,132.0,7.0,40.705,2024-02-16
329,ZION,2024-02-16 19:51:00+00:00,40.72,40.75,40.72,40.73,2019.0,51.0,40.731919,2024-02-16
330,ZION,2024-02-16 19:52:00+00:00,40.72,40.73,40.7,40.72,3229.0,56.0,40.718157,2024-02-16
331,ZION,2024-02-16 19:53:00+00:00,40.73,40.75,40.73,40.74,3418.0,50.0,40.739283,2024-02-16
332,ZION,2024-02-16 19:54:00+00:00,40.76,40.81,40.76,40.79,3849.0,64.0,40.788384,2024-02-16
333,ZION,2024-02-16 19:55:00+00:00,40.81,40.835,40.79,40.835,4106.0,67.0,40.817677,2024-02-16
334,ZION,2024-02-16 19:56:00+00:00,40.83,40.84,40.815,40.84,2573.0,49.0,40.827301,2024-02-16
335,ZION,2024-02-16 19:57:00+00:00,40.84,40.89,40.84,40.88,2091.0,43.0,40.862143,2024-02-16
336,ZION,2024-02-16 19:58:00+00:00,40.89,40.89,40.85,40.89,2891.0,60.0,40.873872,2024-02-16
337,ZION,2024-02-16 19:59:00+00:00,40.89,40.93,40.89,40.92,4257.0,61.0,40.904374,2024-02-16
338,ZION,2024-02-16 20:00:00+00:00,40.91,40.93,40.89,40.93,4409.0,82.0,40.909244,2024-02-16
339,ZION,2024-02-16 20:01:00+00:00,40.92,40.92,40.88,40.88,4171.0,73.0,40.894835,2024-02-16
340,ZION,2024-02-16 20:02:00+00:00,40.88,40.89,40.87,40.89,2392.0,35.0,40.881442,2024-02-16
341,ZION,2024-02-16 20:03:00+00:00,40.89,40.905,40.89,40.9,3633.0,64.0,40.899435,2024-02-16
342,ZION,2024-02-16 20:04:00+00:00,40.92,40.92,40.885,40.895,4685.0,106.0,40.904623,2024-02-16
343,ZION,2024-02-16 20:05:00+00:00,40.89,40.935,40.89,40.9,41319.0,178.0,40.90368,2024-02-16
344,ZION,2024-02-16 20:06:00+00:00,40.91,40.96,40.91,40.96,6444.0,130.0,40.938092,2024-02-16
345,ZION,2024-02-16 20:07:00+00:00,40.96,40.98,40.955,40.97,1396.0,27.0,40.966563,2024-02-16
346,ZION,2024-02-16 20:08:00+00:00,40.96,40.965,40.935,40.935,6147.0,101.0,40.951717,2024-02-16
347,ZION,2024-02-16 20:09:00+00:00,40.95,40.96,40.92,40.955,6102.0,116.0,40.93217,2024-02-16
348,ZION,2024-02-16 20:10:00+00:00,40.95,40.95,40.92,40.92,3517.0,70.0,40.94218,2024-02-16
349,ZION,2024-02-16 20:11:00+00:00,40.91,40.91,40.884,40.9,6918.0,104.0,40.896462,2024-02-16
350,ZION,2024-02-16 20:12:00+00:00,40.915,40.915,40.89,40.9,7672.0,118.0,40.902328,2024-02-16
351,ZION,2024-02-16 20:13:00+00:00,40.9,40.905,40.895,40.9,4760.0,75.0,40.899,2024-02-16
352,ZION,2024-02-16 20:14:00+00:00,40.9,40.9,40.875,40.9,2821.0,56.0,40.888614,2024-02-16
353,ZION,2024-02-16 20:15:00+00:00,40.9,40.9,40.85,40.86,3911.0,68.0,40.876034,2024-02-16
354,ZION,2024-02-16 20:16:00+00:00,40.86,40.87,40.83,40.84,4316.0,55.0,40.849825,2024-02-16
355,ZION,2024-02-16 20:17:00+00:00,40.84,40.87,40.81,40.815,3247.0,69.0,40.842541,2024-02-16
356,ZION,2024-02-16 20:18:00+00:00,40.815,40.86,40.81,40.84,4427.0,63.0,40.836861,2024-02-16
357,ZION,2024-02-16 20:19:00+00:00,40.87,40.88,40.84,40.85,5765.0,100.0,40.857275,2024-02-16
358,ZION,2024-02-16 20:20:00+00:00,40.84,40.87,40.84,40.84,3487.0,52.0,40.852629,2024-02-16
359,ZION,2024-02-16 20:21:00+00:00,40.85,40.85,40.805,40.825,4846.0,99.0,40.825594,2024-02-16
360,ZION,2024-02-16 20:22:00+00:00,40.8101,40.84,40.8,40.84,11053.0,64.0,40.812065,2024-02-16
361,ZION,2024-02-16 20:23:00+00:00,40.83,40.88,40.83,40.88,3412.0,72.0,40.862431,2024-02-16
362,ZION,2024-02-16 20:24:00+00:00,40.88,40.8925,40.865,40.865,4354.0,81.0,40.880432,2024-02-16
363,ZION,2024-02-16 20:25:00+00:00,40.89,40.89,40.87,40.87,2306.0,55.0,40.875898,2024-02-16
364,ZION,2024-02-16 20:26:00+00:00,40.86,40.87,40.845,40.86,4708.0,101.0,40.858605,2024-02-16
365,ZION,2024-02-16 20:27:00+00:00,40.87,40.88,40.86,40.865,3455.0,70.0,40.868913,2024-02-16
366,ZION,2024-02-16 20:28:00+00:00,40.88,40.9,40.875,40.9,1905.0,50.0,40.888808,2024-02-16
367,ZION,2024-02-16 20:29:00+00:00,40.895,40.9,40.87,40.89,5598.0,91.0,40.88739,2024-02-16
368,ZION,2024-02-16 20:30:00+00:00,40.9,40.91,40.89,40.89,13833.0,222.0,40.899301,2024-02-16
369,ZION,2024-02-16 20:31:00+00:00,40.89,40.895,40.875,40.88,5887.0,97.0,40.886041,2024-02-16
370,ZION,2024-02-16 20:32:00+00:00,40.87,40.88,40.84,40.84,9330.0,158.0,40.864124,2024-02-16
371,ZION,2024-02-16 20:33:00+00:00,40.845,40.9,40.845,40.885,6314.0,107.0,40.870651,2024-02-16
372,ZION,2024-02-16 20:34:00+00:00,40.89,40.91,40.89,40.895,9864.0,130.0,40.899329,2024-02-16
373,ZION,2024-02-16 20:35:00+00:00,40.89,40.9,40.88,40.89,13236.0,139.0,40.890744,2024-02-16
374,ZION,2024-02-16 20:36:00+00:00,40.885,40.8868,40.87,40.87,5108.0,64.0,40.879659,2024-02-16
375,ZION,2024-02-16 20:37:00+00:00,40.875,40.885,40.855,40.855,6765.0,115.0,40.872985,2024-02-16
376,ZION,2024-02-16 20:38:00+00:00,40.85,40.855,40.82,40.845,8510.0,154.0,40.84256,2024-02-16
377,ZION,2024-02-16 20:39:00+00:00,40.845,40.845,40.8,40.8,9470.0,154.0,40.815215,2024-02-16
378,ZION,2024-02-16 20:40:00+00:00,40.82,40.82,40.78,40.8,7434.0,139.0,40.802263,2024-02-16
379,ZION,2024-02-16 20:41:00+00:00,40.8,40.85,40.8,40.85,8775.0,125.0,40.831031,2024-02-16
380,ZION,2024-02-16 20:42:00+00:00,40.86,40.86,40.805,40.805,9522.0,161.0,40.842015,2024-02-16
381,ZION,2024-02-16 20:43:00+00:00,40.805,40.805,40.76,40.785,10255.0,214.0,40.784412,2024-02-16
382,ZION,2024-02-16 20:44:00+00:00,40.79,40.79,40.765,40.765,8510.0,144.0,40.774325,2024-02-16
383,ZION,2024-02-16 20:45:00+00:00,40.76,40.77,40.735,40.74,19878.0,290.0,40.749371,2024-02-16
384,ZION,2024-02-16 20:46:00+00:00,40.74,40.77,40.74,40.745,8087.0,146.0,40.753347,2024-02-16
385,ZION,2024-02-16 20:47:00+00:00,40.74,40.745,40.725,40.725,14417.0,243.0,40.734941,2024-02-16
386,ZION,2024-02-16 20:48:00+00:00,40.73,40.73,40.7,40.705,13225.0,217.0,40.718383,2024-02-16
387,ZION,2024-02-16 20:49:00+00:00,40.705,40.715,40.69,40.7,11392.0,187.0,40.701036,2024-02-16
388,ZION,2024-02-16 20:50:00+00:00,40.73,40.78,40.705,40.755,30021.0,403.0,40.748015,2024-02-16
389,ZION,2024-02-16 20:51:00+00:00,40.755,40.81,40.73,40.735,35109.0,452.0,40.77334,2024-02-16
390,ZION,2024-02-16 20:52:00+00:00,40.73,40.735,40.69,40.69,18088.0,289.0,40.707039,2024-02-16
391,ZION,2024-02-16 20:53:00+00:00,40.7,40.71,40.65,40.71,19267.0,358.0,40.68928,2024-02-16
392,ZION,2024-02-16 20:54:00+00:00,40.705,40.75,40.69,40.75,26598.0,430.0,40.718555,2024-02-16
393,ZION,2024-02-16 20:55:00+00:00,40.74,40.745,40.675,40.675,37309.0,495.0,40.703538,2024-02-16
394,ZION,2024-02-16 20:56:00+00:00,40.67,40.71,40.665,40.705,22680.0,448.0,40.688011,2024-02-16
395,ZION,2024-02-16 20:57:00+00:00,40.71,40.74,40.68,40.73,33441.0,540.0,40.712097,2024-02-16
396,ZION,2024-02-16 20:58:00+00:00,40.725,40.74,40.69,40.71,31826.0,560.0,40.712993,2024-02-16
397,ZION,2024-02-16 20:59:00+00:00,40.71,40.71,40.6,40.64,96038.0,1404.0,40.661469,2024-02-16
398,ZION,2024-02-16 21:00:00+00:00,40.64,40.64,40.64,40.64,307401.0,46.0,40.64,2024-02-16
399,ZION,2024-02-16 21:01:00+00:00,40.64,40.64,40.64,40.64,420.0,1.0,40.64,2024-02-16
400,ZION,2024-02-16 21:20:00+00:00,40.64,40.64,40.64,40.64,4354.0,1.0,40.64,2024-02-16
